<?xml version="1.0" encoding="UTF-8"?>
<!--
Copyright (c) 2004-2020 Carnegie Mellon University and others. (see Contributors file). 
All Rights Reserved.

NO WARRANTY. ALL MATERIAL IS FURNISHED ON AN "AS-IS" BASIS. CARNEGIE MELLON UNIVERSITY MAKES NO WARRANTIES OF ANY
KIND, EITHER EXPRESSED OR IMPLIED, AS TO ANY MATTER INCLUDING, BUT NOT LIMITED TO, WARRANTY OF FITNESS FOR PURPOSE
OR MERCHANTABILITY, EXCLUSIVITY, OR RESULTS OBTAINED FROM USE OF THE MATERIAL. CARNEGIE MELLON UNIVERSITY DOES NOT
MAKE ANY WARRANTY OF ANY KIND WITH RESPECT TO FREEDOM FROM PATENT, TRADEMARK, OR COPYRIGHT INFRINGEMENT.

This program and the accompanying materials are made available under the terms of the Eclipse Public License 2.0
which is available at https://www.eclipse.org/legal/epl-2.0/
SPDX-License-Identifier: EPL-2.0

Created, in part, with funding and support from the United States Government. (see Acknowledgments file).

This program includes and/or can make use of certain third party source code, object code, documentation and other
files ("Third Party Software"). The Third Party Software that is used by this program is dependent upon your system
configuration. By using this program, You agree to comply with any and all relevant Third Party Software terms and
conditions contained in any such Third Party Software or separate license file distributed with such Third Party
Software. The parties who own the Third Party Software ("Third Party Licensors") are intended third party benefici-
aries to this license with respect to the terms applicable to their Third Party Software. Third Party Software li-
censes only apply to the Third Party Software and not any other portion of this program or this program as a whole.
-->
<feature
      id="org.osate.ge.feature"
      label="OSATE Graphical Editor"
      version="4.0.0.qualifier"
      provider-name="The University of Alabama in Huntsville"
      plugin="org.osate.ge"
      license-feature="org.osate.license"
      license-feature-version="1.0.0.qualifier">

   <description>
      Graphical Editor for AADL
   </description>

   <copyright>
      Copyright (c) 2004-2020 Carnegie Mellon University and others. (see Contributors file).
   </copyright>

   <requires>
      <import plugin="org.eclipse.ui"/>
      <import plugin="org.eclipse.core.runtime"/>
      <import plugin="org.eclipse.graphiti"/>
      <import plugin="org.eclipse.graphiti.ui"/>
      <import plugin="org.eclipse.emf.transaction"/>
      <import plugin="org.eclipse.xtext.ui"/>
      <import plugin="org.osate.aadl2" version="1.0.0" match="greaterOrEqual"/>
      <import plugin="org.osate.xtext.aadl2.properties" version="1.0.0" match="greaterOrEqual"/>
      <import plugin="org.osate.aadl2.modelsupport" version="1.0.0" match="greaterOrEqual"/>
      <import plugin="org.osate.xtext.aadl2.properties.ui" version="1.0.0" match="greaterOrEqual"/>
      <import plugin="org.eclipse.graphiti.pattern"/>
      <import plugin="org.eclipse.gef"/>
      <import plugin="org.osate.xtext.aadl2.ui"/>
      <import plugin="org.eclipse.ui.views.properties.tabbed"/>
      <import plugin="org.eclipse.e4.core.di"/>
      <import plugin="org.eclipse.e4.core.services"/>
      <import plugin="org.osate.ui"/>
      <import plugin="org.eclipse.zest.layouts"/>
      <import plugin="org.eclipse.e4.core.contexts"/>
      <import plugin="org.junit"/>
      <import plugin="org.eclipse.ui.navigator"/>
      <import plugin="org.eclipse.ui.ide"/>
      <import plugin="org.eclipse.jface"/>
      <import plugin="org.eclipse.core.resources"/>
      <import plugin="org.eclipse.draw2d"/>
      <import plugin="org.eclipse.ui.views"/>
   </requires>

   <plugin
         id="org.osate.ge"
         download-size="0"
         install-size="0"
         version="0.0.0"
         unpack="false"/>
         
   <plugin
         id="org.osate.ge.ba"
         download-size="0"
         install-size="0"
         version="0.0.0"
         unpack="false"/>

   <plugin
         id="org.osate.ge.doc"
         download-size="0"
         install-size="0"
         version="0.0.0"
         unpack="false"/>

   <plugin
         id="org.osate.ge.diagram"
         download-size="0"
         install-size="0"
         version="0.0.0"
         unpack="false"/>

   <plugin
         id="org.osate.ge.swt"
         download-size="0"
         install-size="0"
         version="0.0.0"
         unpack="false"/>

</feature>
